{
    "Df4a": [
        [
            1.0,
            -1.2551237067579914e-18,
            -1.5753355192659205e-36,
            44.37773583588991
        ],
        [
            1.2551237067579914e-18,
            1.0,
            1.2551237067579914e-18,
            120.676514237891247
        ],
        [
            -1.5753355192659205e-36,
            -1.2551237067579914e-18,
            1.0,
            0.09999999999999995
        ],
        [
            0.0,
            0.0,
            0.0,
            1.0
        ]
    ],
    "Qf4i": [
        [
            1.0,
            7.60859199223625e-21,
            -5.789067210432158e-41,
            46.654329975957566
        ],
        [
            -7.60859199223625e-21,
            1.0,
            -7.60859199223625e-21,
            -46.654341415437436
        ],
        [
            -5.789067210432158e-41,
            7.60859199223625e-21,
            1.0,
            0.10000000000000692
        ],
        [
            0.0,
            0.0,
            0.0,
            1.0
        ]
    ],
    "ITODD_6": [
        [
            1.0,
            1.6906826854770485e-19,
            -2.8584079429718847e-38,
            -112.502583851036603
        ],
        [
            -1.6906826854770485e-19,
            1.0,
            -1.6906826854770485e-19,
            -7.02253460124028
        ],
        [
            -2.8584079429718847e-38,
            1.6906826854770485e-19,
            1.0,
            0.09999999999999995
        ],
        [
            0.0,
            0.0,
            0.0,
            1.0
        ]
    ],
    "ITODD_21": [
        [
            1.0,
            3.896103118280323e-19,
            -1.5179619508273658e-37,
            136.003823305586796
        ],
        [
            -3.896103118280323e-19,
            1.0,
            -3.896103118280323e-19,
            -10.664702007314585
        ],
        [
            -1.5179619508273658e-37,
            3.896103118280323e-19,
            1.0,
            0.09999999999999817
        ],
        [
            0.0,
            0.0,
            0.0,
            1.0
        ]
    ],
    "HOPE_3": [
        [
            1.0,
            -8.689032599119424e-20,
            7.549928750856005e-39,
            -106.693974207547594
        ],
        [
            8.689032599119424e-20,
            1.0,
            -8.689032599119424e-20,
            51.0596155388967154
        ],
        [
            7.549928750856005e-39,
            8.689032599119424e-20,
            1.0,
            0.10000000000000081
        ],
        [
            0.0,
            0.0,
            0.0,
            1.0
        ]
    ],
    "HOPE_13": [
        [
            1.0,
            1.3250700122790747e-19,
            -1.755810537441267e-38,
            0.19264232432571304
        ],
        [
            -1.3250700122790747e-19,
            1.0,
            -1.3250700122790747e-19,
            -100.2949532848672583
        ],
        [
            -1.755810537441267e-38,
            1.3250700122790747e-19,
            1.0,
            0.10000000000000063
        ],
        [
            0.0,
            0.0,
            0.0,
            1.0
        ]
    ],
    "HOPE_26": [
        [
            1.0,
            -1.0432997623491605e-20,
            -1.0884743941178148e-40,
            120.10761929028030441
        ],
        [
            1.0432997623491605e-20,
            1.0,
            1.0432997623491605e-20,
            -96.50030650216878
        ],
        [
            -1.0884743941178148e-40,
            -1.0432997623491605e-20,
            1.0,
            0.10000000000000075
        ],
        [
            0.0,
            0.0,
            0.0,
            1.0
        ]
    ],
    "HOPE_27": [
        [
            1.0,
            4.603291086056588e-20,
            2.1190288822968043e-39,
            99.55504053751237
        ],
        [
            -4.603291086056588e-20,
            1.0,
            4.603291086056588e-20,
            75.37251752095134427
        ],
        [
            2.1190288822968043e-39,
            -4.603291086056588e-20,
            1.0,
            0.10000000000000055
        ],
        [
            0.0,
            0.0,
            0.0,
            1.0
        ]
    ],
    "HOPE_28": [
        [
            1.0,
            9.522572137359795e-20,
            -9.06793801112211e-39,
            -119.43449567013751
        ],
        [
            -9.522572137359795e-20,
            1.0,
            -9.522572137359795e-20,
            -80.08066896465991653
        ],
        [
            -9.06793801112211e-39,
            9.522572137359795e-20,
            1.0,
            0.10000000000000081
        ],
        [
            0.0,
            0.0,
            0.0,
            1.0
        ]
    ],
    "Benchy": [
        [
            1.0,
            1.9655813906293337e-19,
            -3.8635102031883457e-38,
            -125.066284217422582
        ],
        [
            -1.9655813906293337e-19,
            1.0,
            -1.9655813906293337e-19,
            100.3356547378859953
        ],
        [
            -3.8635102031883457e-38,
            1.9655813906293337e-19,
            1.0,
            0.10000000000000811
        ],
        [
            0.0,
            0.0,
            0.0,
            1.0
        ]
    ]
}