{
    "luxonis": {
        "quaternion": [
            0.7081627320357992,
            0.0018403498644889737,
            -0.0027843794362354653,
            -0.7060413623146482
        ],
        "position": [
            -53.01234151230532,
            1.09049421239542,
            66.86303358291518
        ]
    },
    "realsense": {
        "quaternion": [
            0.716333373890967,
            -0.0021990344988856866,
            0.0013586867269238878,
            -0.6977534060595011
        ],
        "position": [
            -74.79750261089507,
            31.18561716107533,
            56.810451577401786
        ]
    }
}