{
    "luxonis": 118.60521415270019,
    "realsense": 112.50058479532164
}